{
    "model": "xgboost",
    "roc_auc": 0.8472863403803123,
    "classification_report": {
        "0": {
            "precision": 0.7963871276468477,
            "recall": 0.8391881670728633,
            "f1-score": 0.8172276214833759,
            "support": 23798.0
        },
        "1": {
            "precision": 0.7077510500190912,
            "recall": 0.6447752887157367,
            "f1-score": 0.6747970439404419,
            "support": 14374.0
        },
        "accuracy": 0.7659802996961124,
        "macro avg": {
            "precision": 0.7520690888329695,
            "recall": 0.7419817278943,
            "f1-score": 0.7460123327119089,
            "support": 38172.0
        },
        "weighted avg": {
            "precision": 0.7630104384552577,
            "recall": 0.7659802996961124,
            "f1-score": 0.7635941434994575,
            "support": 38172.0
        }
    }
}